file,search_token,component,function
src/Configuration/PropertyMapper.cpp,PropertyMapper.add,Configuration,PropertyMapper.add
src/Synchronization/AggregatableRunner.cpp,AggregatableRunner.notifyAggregationOnUpdate,Synchronization,AggregatableRunner.notifyAggregationOnUpdate
src/Synchronization/SimpleRunner.cpp,SimpleRunner.runAllStages,Synchronization,SimpleRunner.runAllStages
src/Synchronization/SimpleRunner.cpp,SimpleRunner.runStage,Synchronization,SimpleRunner.runStage
src/Synchronization/SimpleRunner.cpp,SimpleRunner.runStages,Synchronization,SimpleRunner.runStages
src/Synchronization/SynchronizedRunner.cpp,SynchronizedRunner.runSynchronized,Synchronization,SynchronizedRunner.runSynchronized
src/Synchronization/SynchronizedRunnerMaster.cpp,SynchronizedRunnerMaster.SynchronizedRunnerMaster,Synchronization,SynchronizedRunnerMaster.SynchronizedRunnerMaster
src/Synchronization/SynchronizedRunnerMaster.cpp,SynchronizedRunnerMaster.runAllStages,Synchronization,SynchronizedRunnerMaster.runAllStages
src/Synchronization/SynchronizedRunnerMaster.cpp,SynchronizedRunnerMaster.runStage,Synchronization,SynchronizedRunnerMaster.runStage
